{"cameraMode":{"drawMode":0,"name":"Shaded","section":"Shading Mode"},"sceneLighting":false,"audioPlay":false,"sceneViewState":{"showFog":true,"showMaterialUpdate":false,"showSkybox":true,"showFlares":true,"showImageEffects":true,"showParticleSystems":true},"in2DMode":false,"pivot":{"x":-0.061248779296875,"y":0.9745526313781738,"z":-2.2639212608337404},"rotation":{"x":-0.3165385127067566,"y":-0.4448763430118561,"z":0.17173261940479279,"w":-0.8199977874755859},"size":6.24273157119751,"orthographic":false}